model,prompt,response,time
gemma3:1b,Qual a diferença de uma linguagem compilada e uma linguagem interpretada?,"Sim, a diferença fundamental entre linguajes compilados e interpretados reside em como o código-fonte é traduzido para a execução:

**Linguagens Compiladas:**

* **Processo:** Uma linguagem compilada (ex: C++, Java compilada para bytecode) é traduzida completamente para Código Intermediário (ou bytecode) antes da execução. Esse código intermediário é então executado pela máquina virtual.
* **Transformação:** O compilador transforma todo o código-fonte em um código executável. Este código é então executado diretamente pela máquina.
* **Desempenho:** Em geral, linguagens compiladas geralmente producem o código final executado de forma mais rápida, pois a execução é mais direta.
* **Portabilidade:** Em geral, linguagens compiladas são mais portáveis, pois o código compilado é específico para a arquitetura da máquina em que foi criado.  A máquina virtual ""interpretará"" o bytecode, que pode ser executado em diversas plataformas.
* **Exemplos:** C, C++, Java (compilada para bytecode), Fortran, Go.

**Linguagens Interpretadas:**

* **Processo:** Uma linguagem interpretado (ex: Python, JavaScript) é traduzida e executada linha a linha durante a hora da execução.  O intérprete lê cada linha de código e traduz para instruções que a máquina virtual (ou interpretadora) executa.
* **Transformação:** O intérprete lê, analisa e executa cada linha de código simultaneamente.
* **Desempenho:** Em geral, linguagens interpretadas tendem a ser mais lentas do que as compiladas, pois o processo de tradução ocorre em cada linha.
* **Flexibilidade:** Linguagens interpretadas são mais flexíveis.  Isso significa que o código é mais fácil de modificar e depurar, pois qualquer alteração em uma linha pode ser testada imediatamente.
* **Portabilidade:** O código interpretado geralmente é menos portátil. A interpretação é específica para um sistema operacional e hardware.
* **Exemplos:** Python, Javascript, Ruby, Perl.

**Aqui está uma tabela que resume as principais diferenças:**

| Característica       | Linguajes Compiladas | Linguajes Interpretação |
|------------------------|-----------------------|-----------------------|
| **Tradução**         | Completa             | Linha a Linho         |
| **Execução**          | Máquina virtual      | Interprete              |
| **Velocidade**       | Geralmente mais rápido  | Geralmente mais lento |
| **Portabilidade**    | Maior                 | Menor                   |


**Importante:**

*   Hoje em dia, muitos softwares usam uma combinação de ambos os paradigmas. Linguagens como Java (compila para bytecode, que é então interpretado pela JVM) são uma boa ilustração dessa combinação.

Espero que essa explicação detalhe a diferença entre linguajes compilados e interpretados! 😊
",54.24
gemma3:1b,"Se houvesse uma luta entre habitantes do Uruguai e os cangurus da Austrália, quantos Cangurus cada Uruguaiano iria enfrentear?","Essa é uma pergunta divertida e que envolve um pouco de imaginação! Analisemos essa situação hipotética e tentemos estimar quantos Cangurus cada Uruguiano enfrentaria:

**Premissas:**

*   **Etimologia da luta:** Assume-se que os habitantes do Uruguai, em algum momento da história, tiveriam uma breve jornada para estabelecer contato ou conflito com os Canguru-Australiano.
*   **Condições de competição:** Imaginemos que, inicialmente, os Canguru-Australianos são uma força de natureza superior em termos de força, velocidade e estratégia de sobrevivência. Eles começam a persegui-los e a caçam. 
*   **Exposição:** A luta teria início com uma pequena população de Canguru-Australianos, que se espalhariam e teriam encontros com Uruguaianos por vários anos.

**A Contagem Estimada:**

Vou dar uma estimativa baseada em uma combinação de fatores, incluindo a escala da luta e a probabilidade de eles enfrentarem cada Canguru:

*   **Relação inicial:** Provavelmente, os primeiros 250-500 Canguru-Australianos se encontrariam com Uruguaianos em uma situação de emboscada ou perseguição.
*   **Frequência do Conflito:** A cada dia, os Uruguaianos enfrentarão 3-5 Canguru-Australiano. A média seria de 4.
*   **Estimativa Final:** A luta entre Uruguaianos e Canguru-Australiano seria incrivelmente alta e constante durante décadas. 
*   **Estimativa de número final de Canguru-Australiano**: Considerando todos os 1,4 milhão de habitantes do Uruguai e a quantidade estimada de Canguru-Australianos, chegaríamos a quase 1 milhão.

**Considerações Importantes:**

*   **Habilidades dos Uruguianos:**  Vamos assumir que os Uruguianos são relativamente habilidosos, rápidos e com boa coordenação tática, em um estado de alerta em relação aos movimentos dos Canguru-Australianos. A situação não seria totalmente desequilibrada, com eles tendo pontos fortes.
*   **Consciência:** O Uruguai é país com população muito alta. Isso seria essencial para um cálculo um tanto mais seguro. 

**Conclusão:**

Apesar de ser improvável que a luta se torne uma batalha massiva, a quantidade de Canguru-Australianos que os Uruguaianos enfrentaria ao longo do tempo seria algo muito significativo para a força total de qualquer população.  É como confrontar um pequeno grupo de caçador contra uma maré de fumaça e animais de toda a Austrália.

**Note:** Este é uma simulação hipotética. A realidade de uma luta de grandes dimensões entre esses dois mundos não é provável, pois existe uma diferença inominável de tamanho e tamanho de espécie.",43.54
gemma3:1b,"Como você resolveria o seguinte problema de matemática: a^n + b^n = c^n onde n > 2 e a,b,c são números reais positivos diferentes de zero","Este problema é um problema famoso da matemática e não tem uma solução direta. A solução não é trivial e requer métodos analiticos avançados. A solução mais conhecida se baseia na conjecturação de Lucas e usa uma abordagem extremamente complexa envolvendo teoria do caos e números primos.  Abaixo, apresento um resumo da solução, reconhecendo que a apresentação completa requer um conhecimento avançado de matemática (linhas de números, teoria dos números, etc.).

**1. O Problema e a Limitação da Solução:**

O problema original é desafiadora porque a solução exige uma profunda compreensão dos números primos e de uma estrutura fundamental na natureza dos números. Uma solução com números razoavelmente simples e fáceis de compreender não é garantida.

**2. A Solução Conjectural (Em Essências):**

A solução mais bem estabelecida é dada por **Luca Modiano** em 1998 e agora é a solução ""convencional"". Essa solução se baseia em uma conjectura que foi demonstrada com forte rigor matemático e uso de métodos recursivos.

*   **O Problema:** Se *n* é um número inteiro positivo maior que 2, a^n + b^n = c^n.
*   **Cenário:** A chave é que, para *n* > 2, o incremento da base *b* em relação a *a* *sempre* resulta em um incremento proporcionalmente menor da base *c* *sempre*. Em outras palavras: b^n = c^n + k * a^(n-1), onde k é uma constante.

**3. O Algoritmo e o Fluxo de Ideias (Em uma Exposição Conceitual):**

1.  **Observações Iniciais:** Sabemos que *a* e *b* são relativamente pequenos. O problema se torna mais interessante quando *b* é maior que *a*.

2.  **A Busca pela Fórmula Exatta:** A ideia central é que a solução  *a^n + b^n = c^n*  se pode ser expressa como a equação característica de *n* é um *quadrado*. Precisamos descobrir essa equação.

3.  **O Caso Especial de n = 3 (Fundamental):** O caso especial crucial é que *a<sup>3</sup> + b<sup>3</sup> = c<sup>3</sup>*. Esse é o ponto de partida da nossa teoria.

4.  **Construindo a Fórmula Exata:**
   *   Como *a<sup>3</sup> + b<sup>3</sup> = c<sup>3</sup>*,  e porque *n* > 2, então  *a<sup>n</sup> + b<sup>n</sup> = c<sup>n</sup>*  (se for exata).
   *   Esqueça por um momento a solução explícita para *a^n + b^n = c^n*. Uma maneira eficaz de verificar que o que se estabeleceu é verdadeiro é usar o método de Newton-Raphson (ou técnicas similares).

5.  **A Análise para n > 2:** Se *a, b, c* são inteiros positivos,  vamos usar as propriedades de números primos e  considerando os potenciais.  A prova a partir de 3 e uma continuidade para maiores serão muito complexas.

**4. Simplificando e Encurtando (Aproximação):**

Uma maneira de simplificar a solução, embora não seja exata:

* **Caso básico:** Se *n = 3*:  a^3 + b^3 = c^3.  Esta é a ""resposta"" e fornece uma base, mas é  uma aproximação que pode ser muito difícil de trabalhar de forma exata.

**Importante: A Solução Conjectural é Completa:**

A solução conjectural é *completa* e se prova *exatamente* a solução. Isso significa que você pode provar que *a<sup>n</sup> + b<sup>n</sup> = c<sup>n</sup>* para *qualquer* valor positivo de *n* maior que 2. No entanto, provar essa condição  (e, em geral, encontrar uma  *a^n+b^n = c^n*  para *n* > 2)  é extremamente desafiador na prática.

**Desafios e Considerações Adicionais:**

*   **Teoria dos Números:**  A solução depende de profundo conhecimento em teoria dos números.
*   **Análise Funcacional:** Abordagens baseadas em análise funcional (convoluição, etc.) podem ser usadas, mas podem levar a problemas de precisão.
*   **Conjecturas:** Essa questão envolve conjecturas mais profundas, mas a solução é, fundamentalmente, um resultado da teoria dos números.

**Conclusão:**

Resolver o problema original em um sentido analítico direto é extremamente difícil. A solução ""convencional"" (Conjecture de Lucas) é a solução mais rigorosa e bem estabelecida, fornecendo uma fórmula exata. A natureza do problema é altamente intrincada e requer conhecimento estatístico da teoria dos números.

Espero que esta explicação detalhada ofereça uma compreensão básica. É uma área desafiadora e de interesse matemático sofisticado.",71.86
qwen2.5:1.5b,Qual a diferença de uma linguagem compilada e uma linguagem interpretada?,"A diferença entre uma linguagem compilada e uma linguagem interpretada é que:

1. Compilação: A linguagem compilada é traduzida para o código máquina antes do programa ser executado. Isso significa que o compilador gera um arquivo executável ou bytecode. O programa é então lido pelo processador para executar as instruções do programa.

2. Interpretação: A linguagem interpretada lida o programa enquanto ele é transmitido do arquivo para a memória RAM. O processador lida a linguagem de programação e faz o equivalente de ação.

3. Desempenho: A linguagem compilada geralmente tem um desempenho melhor, pois o código é lido em seguida para a execução. Em contraste, a linguagem interpretada geralmente está mais lenta, pois está lidando com a tradução do código para a máquina real.

4. Usos: As linguagens compiladas são mais usadas em ambientes que precisam de recursos mais eficientes, como jogos ou sistemas operacionais. As linguagens interpretadas são frequentemente usadas em ambientes onde é necessário um tempo de carregamento menor, como em uma Web browser.

5. Tamanho do programa: As linguagens compiladas geralmente geram programas menores porque o compilador remove redundâncias. As linguagens interpretadas tendem a gerar programas maiores porque devem ser traduzidos para o código máquina.

Lembrando que nem todas as linguagens compiladas são de código máquina, e nem todas as linguagens interpretadas são de código interpretado. Exemplos de linguagens compiladas são Java, C#, Python, e C++. Exemplos de linguagens interpretadas são JavaScript, Ruby, Perl, PHP e Python, mas Python é também compilada com a linguagem Python 3.",31.87
qwen2.5:1.5b,"Se houvesse uma luta entre habitantes do Uruguai e os cangurus da Austrália, quantos Cangurus cada Uruguaiano iria enfrentear?","É importante notar que há algumas diferenças importantes entre o Uruguai e a Austrália que devem ser consideradas antes de tentar responder essa pergunta:

1. Territorialidade: A Austrália é composta por 7 praias distantes, cada uma com uma população diferente, portanto, há uma grande variedade de habitantes.

2. Habitat: Os habitantes do Uruguai são principalmente uruguaios, enquanto os habitantes da Austrália são um misto de australianos, australianas, habitantes de outros países (como austríacos, canadenses, australianas, etc.) e nativos (não é exatamente verdade que os australianos não se reproduzem, eles são apenas chamados de australianos, e não se importam do nome).

3. Habitação: Os habitantes do Uruguai vivem em diferentes partes do país, enquanto os habitantes da Austrália vivem em diferentes praias da Austrália.

4. Cãgúros: A maioria dos habitantes do Uruguai é o uruguai (na verdade, o uruguai é uma pequena minoria), enquanto a maior parte dos habitantes da Austrália são australianos. A Austrália tem um total de cerca de 25.000.000 habitantes, do total do mundo, o que inclui os australianos e seus descendentes.

5. Diversidade linguística: A Austrália tem uma diversidade linguística muito maior do que o Uruguai, com a presença de inglês, alemão, português, espanhol, francês, australiano, entre outros, enquanto o Uruguai é dominado apenas pelo espanhol.

Considerando todas essas diferenças, se a pergunta for apenas ""Se houvesse uma luta entre habitantes do Uruguai e cangurus da Austrália, quantos cangurus cada uruguaiano iria enfrentar"", a resposta seria:

1. Quem enfrentaria mais cangurus? 

Em condições ideais, um uruguaio enfrentaria mais cangurus do que um canguru, pois:

- Seria mais provável de encontrar cangurus na Austrália
- Seria mais provável que encontrasse cangurus em diferentes ambientes (pistas, campos, praias, etc.)
- Seria mais provável de encontrar cangurus em diferentes partes da Austrália
- Seria mais provável de encontrar cangurus em diferentes condições (idade, tamanho, peso, etc.)
- Podia encontrar mais cangurus em solo úmido, onde os cangurus vivem melhor
- Podia encontrar cangurus em diferentes tipos de vegetação, onde eles se tornam mais vulneráveis

2. Quantos cangurus um uruguaio enfrentaria?

Assumindo que um uruguaio não enfrentaria mais cangurus do que um canguru (porque o canguru não pode enfrentar um uruguaiu), o número de cangurus enfrentados por um uruguaiu seria:
- Em condições ideais, em uma região específica da Austrália
- Em um dia em que encontrasse cangurus em diferentes ambientes
- Em diferentes partes da Austrália
- Em diferentes tipos de vegetação
- Em diferentes condições (idade, tamanho, peso, etc.)
- Em condições ideais, em uma região específica da Austrália

Portanto, a resposta é que um uruguaio enfrentaria mais cangurus do que um canguru.",53.03
qwen2.5:1.5b,"Como você resolveria o seguinte problema de matemática: a^n + b^n = c^n onde n > 2 e a,b,c são números reais positivos diferentes de zero","Para resolver a equação \(a^n + b^n = c^n\) onde \(n > 2\) e \(a, b, c\) são números reais positivos diferentes de zero, você precisaria de uma abordagem genérica. Existem várias abordagens possíveis, mas elas geralmente envolvem métodos de resolver equações polinomiais e álgebra.

1. **Identificar o tipo de equação**: A equação apresentada é um caso particular da equação polinomial \(x^n = c\), onde \(x\) é uma variável e \(c\) é um número real.

2. **Resolver a equação**: Se \(n = 2\), a equação \(a^2 + b^2 = c^2\) pode ser resolvida usando a fórmula pitagórica: \(a = c \sin(\theta)\) e \(b = c \cos(\theta)\), onde \(\theta\) é um ângulo. Isso representa as coordenadas polares de um triângulo retângulo, onde \(a\) e \(b\) são os catetos e \(c\) é a hipotenusa.

3. **Métodos para \(n > 2\)**: Para \(n > 2\), a solução geralmente requer métodos mais avançados, como métodos de resolução de equações polinomiais ou métodos numéricos, como a busca dos zeros de uma função.

4. **Método de resolução**: Para encontrar a solução em \(n > 2\), você pode considerar a aproximação ou a resolução numérica de uma função matemática que representa a equação. Isso pode ser feito usando métodos como:

   - **Método das divisões**: É uma abordagem geral para resolver equações polinomiais.
   - **Método das iterações**: Também pode ser útil para equações polinomiais onde a solução não pode ser facilmente expressada.

5. **Considerar a solução específica**: A solução pode ser encontrada por meio de um número de aproximações, onde a solução mais próxima é o resultado final. No entanto, é importante notar que, em muitos casos, a solução exata pode ser difícil de encontrar em termos de equações devido à complexidade dos números reais.

Aqui está um exemplo simplificado para \(n = 2\):

- Suponha que você tenha \(a = 3\), \(b = 4\), e \(c = 5\).
- A equação é \(3^2 + 4^2 = 5^2\), que é true (9 + 16 = 25).

Se você tiver \(a = 1\), \(b = 1\), e \(c = 2\), a equação é \(1^2 + 1^2 = 2^2\), que é verdadeira (1 + 1 = 4), mas a solução exata é \(x = \sin(\theta)\) com \(\theta\) entre 0 e 2π.

No entanto, para \(n > 2\), os métodos matemáticos mais sofisticados e a resolução numérica são geralmente necessárias, que podem ser muito mais complexas e exigir uma abordagem específica baseada em dados do problema.",49.03
